atc,atc_code,year,metric,nsw,vic,qld,sa,wa,tas,act,nt,total
Alimentary Tract and Metabolism,A,1994,benefit_aud,124081361,80283271,51631534,26721749,24131704,9284368,3731111,955320,320820416
Alimentary Tract and Metabolism,A,1995,benefit_aud,151870977,98206295,64405106,32577405,29661213,11346929,4531385,1188733,393788042
Alimentary Tract and Metabolism,A,1996,benefit_aud,175913679,114011339,75601010,37935808,34753445,12945064,5270555,1385877,457816777
Alimentary Tract and Metabolism,A,1997,benefit_aud,190742205,124469192,83387821,40936931,37900919,13956565,5873562,1514423,498781617
Alimentary Tract and Metabolism,A,1998,benefit_aud,192572176,128867462,86656091,41313803,38980816,13980927,6075574,1612404,510059251
Alimentary Tract and Metabolism,A,1999,benefit_aud,205174606,139004049,95215578,44145755,42158956,14952414,6687204,1719800,549058362
Alimentary Tract and Metabolism,A,2000,benefit_aud,202407537,135440577,93616963,41559106,41543973,14637269,6763649,1635122,537604197
Alimentary Tract and Metabolism,A,2001,benefit_aud,208104573,143394103,100816747,47626985,45100106,15553543,7131293,1869691,569597041
Alimentary Tract and Metabolism,A,2002,benefit_aud,235658793,160563420,113984059,52433006,52338340,17931436,8076064,2100212,643085329
Alimentary Tract and Metabolism,A,2003,benefit_aud,253538416,179992552,127532712,57709548,59229686,19977241,8615116,2366379,708961650
Alimentary Tract and Metabolism,A,2004,benefit_aud,279074983,199088917,143330148,65581417,65197598,22206849,9543790,2705261,786728962
Alimentary Tract and Metabolism,A,2005,benefit_aud,286999600,204880739,149810390,67208346,67113684,23138279,9678689,2823273,811653000
Alimentary Tract and Metabolism,A,2006,benefit_aud,276131119,199323405,143542963,63311446,64372024,22049689,9180951,2639998,780551595
Alimentary Tract and Metabolism,A,2007,benefit_aud,279673625,204505069,150748102,65852041,66733388,22437104,9527138,2861103,802337571
Alimentary Tract and Metabolism,A,2008,benefit_aud,295309517,212209396,159216615,66919498,70846200,24371539,9853039,2899271,841625074
Alimentary Tract and Metabolism,A,2009,benefit_aud,322868723,236730477,172180309,79564300,73125576,25840958,10764320,3256789,924331451
Alimentary Tract and Metabolism,A,2010,benefit_aud,321610646,235865519,176369027,76841791,76189652,25783507,10549418,3251132,926460691
Alimentary Tract and Metabolism,A,2011,benefit_aud,318368488,230823992,174950313,75230734,77335231,25786658,10332895,3270745,916099057
Alimentary Tract and Metabolism,A,2012,benefit_aud,354751414,257935680,191940253,82127783,86794359,28002378,11336419,3522489,1016410775
Alimentary Tract and Metabolism,A,2013,benefit_aud,292785709,206122537,195560577,80836124,66711987,27549979,9669081,3718203,882954196
Alimentary Tract and Metabolism,A,2014,benefit_aud,377888221,286475587,185239139,75776477,97165324,27305297,12474095,3728295,1066052435
Alimentary Tract and Metabolism,A,2015,benefit_aud,371948100,278843601,204838828,85154410,87620845,29520147,12458704,4197374,1074582010
Alimentary Tract and Metabolism,A,2016,benefit_aud,325457087,242743914,191329596,78553703,82900283,26509006,11150018,4044723,962688330
Alimentary Tract and Metabolism,A,2017,benefit_aud,332127962,247419822,189777061,79038950,84310705,26404890,11356396,4173421,974609206
Alimentary Tract and Metabolism,A,2018,benefit_aud,324851817,241354985,185278759,75771538,81440016,25000452,10926394,4095155,948719116
Alimentary Tract and Metabolism,A,2019,benefit_aud,334993831,240202253,183506441,73677368,83613746,25665441,10919545,4257151,956835776
Alimentary Tract and Metabolism,A,2020,benefit_aud,350440421,258387284,202387689,81213588,91286177,28041579,11904313,4296977,1027958029
Alimentary Tract and Metabolism,A,2021,benefit_aud,369739036,276132817,224598042,88658891,101273166,30632395,13679625,5053718,1109767689
Alimentary Tract and Metabolism,A,2022,benefit_aud,407863842,306638870,258130530,98693808,114898136,34177109,15293713,5507026,1241203034
Alimentary Tract and Metabolism,A,2023,benefit_aud,452113743,345777618,290785794,113614407,129263372,37617236,17422302,6359011,1392953482
Alimentary Tract and Metabolism,A,2024,benefit_aud,510927296,376376097,300602565,122167497,141338759,40749477,19201833,7016473,1518379997
Alimentary Tract and Metabolism,A,2025,benefit_aud,576147297,429768801,370436275,147885309,165802497,47961407,22150628,7720233,1767872448
Alimentary Tract and Metabolism,A,2026_ytd,benefit_aud,125005409,96661733,82310999,31632577,40555002,10966954,5469323,1862606,394464603
Alimentary Tract and Metabolism,A,TOTAL,benefit_aud,9930599582,7184147959,5462612354,2320421066,2442190132,790012076,340646426,110383504,28581013097
Blood and Blood Forming Organs,B,1992,benefit_aud,4256703,3132492,2120535,903420,1049433,292056,83010,17845,11855493
Blood and Blood Forming Organs,B,1994,benefit_aud,4599158,3563321,2258974,1020132,1110926,322463,82079,21677,12978731
Blood and Blood Forming Organs,B,1995,benefit_aud,5049686,4294477,2569780,1156309,1346736,408101,103305,29035,14957429
Blood and Blood Forming Organs,B,1996,benefit_aud,5753743,5308887,3111401,1366611,1492546,464186,116731,31154,17645260
Blood and Blood Forming Organs,B,1997,benefit_aud,6708217,6116244,3488014,1445603,1553259,512076,158670,34938,20017020
Blood and Blood Forming Organs,B,1998,benefit_aud,7679347,6930824,4250377,1715374,1848939,658319,189653,59016,23331849
Blood and Blood Forming Organs,B,1999,benefit_aud,9683052,8637905,5773493,2271330,2495516,763794,292018,49356,29966464
Blood and Blood Forming Organs,B,2000,benefit_aud,19622097,14704156,11689125,4685487,4497720,1570547,694294,89845,57553273
Blood and Blood Forming Organs,B,2001,benefit_aud,29881395,21775301,19184155,7625962,7105667,2378493,1151137,148999,89251110
Blood and Blood Forming Organs,B,2002,benefit_aud,41914821,30142848,26397234,9940143,10348869,3306860,1612391,242168,123905334
Blood and Blood Forming Organs,B,2003,benefit_aud,53705944,39533918,33649355,12449360,14020389,4137678,1923861,309766,159730271
Blood and Blood Forming Organs,B,2004,benefit_aud,65376620,46334363,40689723,15521438,17455420,4719275,2254241,416943,192768022
Blood and Blood Forming Organs,B,2005,benefit_aud,72464575,49820705,44341057,17220841,19397810,5146228,2412537,450194,211253947
Blood and Blood Forming Organs,B,2006,benefit_aud,80127133,54477243,48336736,18271701,21412740,5404896,2591623,504638,231126710
Blood and Blood Forming Organs,B,2007,benefit_aud,87456730,59804367,53399382,20464626,24399391,5728203,2850827,611582,254715109
Blood and Blood Forming Organs,B,2008,benefit_aud,95996769,64219065,57413101,21240293,26791162,6204136,2955736,699273,275519534
Blood and Blood Forming Organs,B,2009,benefit_aud,107406264,73756365,61958566,26141099,28082670,6852898,3226406,815780,308240049
Blood and Blood Forming Organs,B,2010,benefit_aud,105734496,73856145,61801198,25328766,29309330,6659497,3216160,811246,306716838
Blood and Blood Forming Organs,B,2011,benefit_aud,102502826,76784212,59921163,25022801,31603654,6630651,3141653,809812,306416771
Blood and Blood Forming Organs,B,2012,benefit_aud,101969632,90139501,58851888,24907184,36728263,6585722,3001845,810979,322995015
Blood and Blood Forming Organs,B,2013,benefit_aud,106472238,80898383,66176730,33193929,31112244,7760651,3325065,1416422,330355661
Blood and Blood Forming Organs,B,2014,benefit_aud,149486227,113476018,80612058,35054546,45208865,9756118,5712984,4835023,444141839
Blood and Blood Forming Organs,B,2015,benefit_aud,174952761,136202444,102305048,43385329,51232958,12683386,6498005,5666744,532926675
Blood and Blood Forming Organs,B,2016,benefit_aud,173432926,134475851,107415110,44063362,54943873,13052384,6095680,5675921,539155107
Blood and Blood Forming Organs,B,2017,benefit_aud,196930698,150111487,116432106,49629138,63026354,14262418,6716779,5790802,602899782
Blood and Blood Forming Organs,B,2018,benefit_aud,213260813,163160996,125855825,54415465,67327082,15859904,7193744,6737047,653810876
Blood and Blood Forming Organs,B,2019,benefit_aud,237134191,174159445,135205430,59472122,72704503,17414180,8035025,7189038,711313934
Blood and Blood Forming Organs,B,2020,benefit_aud,254549227,190460354,150721522,67026958,79215088,19448523,8998065,8340043,778759780
Blood and Blood Forming Organs,B,2021,benefit_aud,262538214,203891059,160686569,70119768,83790844,20747419,9836453,7794336,819404660
Blood and Blood Forming Organs,B,2022,benefit_aud,290653733,225152230,182389512,74699037,90496479,22268088,10693547,8830372,905183000
Blood and Blood Forming Organs,B,2023,benefit_aud,309584512,240864647,190203176,81095952,94169186,22345170,11220031,8040443,957523118
Blood and Blood Forming Organs,B,2024,benefit_aud,316432937,247379043,183518503,77599388,93418667,21905361,10331537,8457987,959043424
Blood and Blood Forming Organs,B,2025,benefit_aud,313069589,250705039,188722805,78787962,95003241,21899817,11362517,12565644,972116614
Blood and Blood Forming Organs,B,2026_ytd,benefit_aud,63095674,50748342,37198381,15838590,19678525,4480829,2250613,2216851,195507805
Blood and Blood Forming Organs,B,TOTAL,benefit_aud,4069482948,3095017677,2428648031,1023080024,1223378349,292630330,140328223,100520922,12373086504
Cardiovascular System,C,1992,benefit_aud,202601355,121919258,79276936,40864532,37356564,13651522,5139877,1013573,501823617
Cardiovascular System,C,1994,benefit_aud,219410041,135410982,87218223,45553490,40584207,15039849,5665086,1197002,550078879
Cardiovascular System,C,1995,benefit_aud,243230404,150966065,99581206,52419995,46857602,17179405,6454167,1488003,618176848
Cardiovascular System,C,1996,benefit_aud,272182395,170063984,112909617,59705781,55146300,19495349,7543297,1801662,698848383
Cardiovascular System,C,1997,benefit_aud,294183575,183533074,123551653,64486029,61744068,21245302,8460022,2073287,759277010
Cardiovascular System,C,1998,benefit_aud,312683249,198990171,134726341,68961604,67236805,22939490,9206886,2362746,817107293
Cardiovascular System,C,1999,benefit_aud,360099794,236245248,156789781,81025076,80372554,27222293,11097608,2750898,955603250
Cardiovascular System,C,2000,benefit_aud,412206482,273652538,177512980,89647724,93442777,30877583,13091015,3023305,1093454403
Cardiovascular System,C,2001,benefit_aud,445663075,306536636,203567655,108088965,105426132,34020244,14462625,3681293,1221446626
Cardiovascular System,C,2002,benefit_aud,494336506,337944283,224506967,114616058,116295665,37010208,16297520,4051865,1345059072
Cardiovascular System,C,2003,benefit_aud,525600989,373390405,250950520,123156311,126816105,40215070,17382239,4623174,1462134813
Cardiovascular System,C,2004,benefit_aud,589114022,414168797,286563487,139222472,141014699,44312499,19540480,5575261,1639511717
Cardiovascular System,C,2005,benefit_aud,596779065,420286543,299236419,141277451,141878068,44869696,19583740,5891767,1669802749
Cardiovascular System,C,2006,benefit_aud,602796947,427596657,309023701,141112851,144191314,44952612,19282724,6155856,1695112662
Cardiovascular System,C,2007,benefit_aud,618200547,443390201,332943297,150128725,154531120,46315166,19904160,6488638,1771901855
Cardiovascular System,C,2008,benefit_aud,634751110,449989239,341583848,149837463,162465038,48958785,20243777,6438555,1814267814
Cardiovascular System,C,2009,benefit_aud,693649145,500916066,369851844,177111763,168885721,51804700,21762661,7567724,1991549625
Cardiovascular System,C,2010,benefit_aud,710458031,519858310,392593065,177672621,182081131,54367281,22309657,7957494,2067297590
Cardiovascular System,C,2011,benefit_aud,703992111,513264420,391096207,175451637,183758050,55439151,22204151,7888258,2053093986
Cardiovascular System,C,2012,benefit_aud,704609889,517356327,387282921,175651827,184137307,53778807,21630896,7253984,2051701958
Cardiovascular System,C,2013,benefit_aud,475909151,334802776,315670853,142913761,112677655,45985859,14135141,5859158,1447954354
Cardiovascular System,C,2014,benefit_aud,537308369,408299243,256899817,115932222,140903641,40658207,15505683,4755136,1520262319
Cardiovascular System,C,2015,benefit_aud,440246270,326433405,243666926,110317401,102713017,38792919,12957854,4446087,1279573878
Cardiovascular System,C,2016,benefit_aud,340487354,251118975,202708310,90033577,83970621,31524898,10269720,3858628,1013972081
Cardiovascular System,C,2017,benefit_aud,316941642,234980152,185673937,81903193,77919912,28291694,9813168,3570849,939094547
Cardiovascular System,C,2018,benefit_aud,311598533,232693197,187124129,77864049,75576601,27215701,9772261,3469791,925314261
Cardiovascular System,C,2019,benefit_aud,316647707,232904774,186421721,75104379,77633476,27426586,9628789,3536581,929304013
Cardiovascular System,C,2020,benefit_aud,334242652,253172930,206909019,82505468,86162926,29197264,10673764,3495706,1006359728
Cardiovascular System,C,2021,benefit_aud,344836769,252951888,223403897,92203492,93475413,30359774,11433297,3895260,1052559789
Cardiovascular System,C,2022,benefit_aud,370611012,271718632,247323250,98735289,101679903,32855618,12277674,4171706,1139373084
Cardiovascular System,C,2023,benefit_aud,392201550,289597616,266820853,107779940,109426125,34559556,13382578,4478861,1218247079
Cardiovascular System,C,2024,benefit_aud,461982935,293855086,244449204,101623569,110219395,35251013,13951467,4859936,1266192606
Cardiovascular System,C,2025,benefit_aud,526607041,316436175,284607568,115636120,122861823,40785676,15208785,5745951,1427889138
Cardiovascular System,C,2026_ytd,benefit_aud,114781804,66938438,58018339,23837445,29231032,8629200,3558877,1427115,306422251
Cardiovascular System,C,TOTAL,benefit_aud,14920951520,10461382489,7870464492,3592382280,3618672767,1175228978,463831646,146855109,42249769280
Dermatologicals,D,1992,benefit_aud,13463341,10631814,5251063,3305949,3194151,779258,464317,98183,37188075
Dermatologicals,D,1994,benefit_aud,16951937,13355230,6179274,3774758,3879050,1024245,604225,116492,45885211
Dermatologicals,D,1995,benefit_aud,19875551,16327039,7220876,4517201,4727359,1271430,813622,147696,54900773
Dermatologicals,D,1996,benefit_aud,20208286,17121167,7826233,4607914,5155416,1455236,922459,137629,57434341
Dermatologicals,D,1997,benefit_aud,21255969,17435531,8697990,4677926,5415514,1476361,1054159,133301,60146751
Dermatologicals,D,1998,benefit_aud,18091991,13279758,6594406,4282280,4828891,1218020,837730,155978,49289055
Dermatologicals,D,1999,benefit_aud,22402999,17553458,7708059,5238269,5935994,1519757,1086704,188282,61633521
Dermatologicals,D,2000,benefit_aud,23957757,18592838,8305186,4974447,5909156,1630623,1109697,226928,64706632
Dermatologicals,D,2001,benefit_aud,24871835,19372754,8673612,5461980,6017826,1744238,1112833,299976,67555055
Dermatologicals,D,2002,benefit_aud,24179426,18742325,8058097,4758028,5634533,1633996,1141356,248751,64396512
Dermatologicals,D,2003,benefit_aud,21970819,17214178,8019004,4175918,5207922,1512048,991966,213015,59304870
Dermatologicals,D,2004,benefit_aud,22395487,18171230,8539167,4427540,5268330,1536472,955105,193383,61486713
Dermatologicals,D,2005,benefit_aud,20858327,17415011,8108598,4096026,4840389,1446176,823330,160599,57748458
Dermatologicals,D,2006,benefit_aud,19745488,16158264,8155678,4069240,4654319,1436324,786580,126646,55132539
Dermatologicals,D,2007,benefit_aud,20111001,15858355,8917338,4089886,4963587,1481496,839758,142221,56403642
Dermatologicals,D,2008,benefit_aud,22715365,17845724,10225186,4734846,5538761,1745573,897456,161874,63864786
Dermatologicals,D,2009,benefit_aud,25932279,20493223,11157842,5679231,5945083,1917611,993871,209252,72328391
Dermatologicals,D,2010,benefit_aud,26345998,21132099,11733894,5469087,6315901,1975553,1034058,209357,74215949
Dermatologicals,D,2011,benefit_aud,24901487,19962751,11169254,5152787,6078678,1999225,952117,203167,70419466
Dermatologicals,D,2012,benefit_aud,26716730,21452622,11833742,5622971,6544986,2075508,994812,226828,75468198
Dermatologicals,D,2013,benefit_aud,20336335,15289020,10952164,5028367,4487040,1847885,751646,223333,58915790
Dermatologicals,D,2014,benefit_aud,26513891,20725170,10158629,4564531,6462658,1822457,943222,219884,71410443
Dermatologicals,D,2015,benefit_aud,26856931,21249297,11109241,5315604,5925241,2065064,967910,256925,73746214
Dermatologicals,D,2016,benefit_aud,23233137,18630939,10252507,4942406,5635987,1873236,816748,248296,65633257
Dermatologicals,D,2017,benefit_aud,22425386,17851190,9991992,4689523,5412997,1795447,776126,233676,63176338
Dermatologicals,D,2018,benefit_aud,25570080,20100304,12245776,5194379,6149730,1998041,895904,341846,72496060
Dermatologicals,D,2019,benefit_aud,29370690,22090816,14294615,5571054,7003544,2304159,997805,426889,82059571
Dermatologicals,D,2020,benefit_aud,33352570,26019301,16958695,6500957,8281323,2685444,1164407,476452,95439148
Dermatologicals,D,2021,benefit_aud,59694730,47621649,31421213,11938968,14714944,5551546,2628610,928522,174500181
Dermatologicals,D,2022,benefit_aud,97571734,77251525,53630603,18922169,21277443,9431513,3973757,1560802,283619547
Dermatologicals,D,2023,benefit_aud,131257355,106483443,74062965,25455476,28916036,12286841,5693691,2065090,386220897
Dermatologicals,D,2024,benefit_aud,167599321,131706560,86015459,30337046,37042448,14826103,7403281,2328509,477258727
Dermatologicals,D,2025,benefit_aud,200888806,162593545,111601378,36661245,47932642,17650609,9355173,2808972,589492370
Dermatologicals,D,2026_ytd,benefit_aud,49351043,41752898,28091757,8753263,13117230,4191637,2450131,628467,148336427
Dermatologicals,D,TOTAL,benefit_aud,1350974082,1077481030,653161494,266991274,318415108,111209131,57234567,16347222,3851813907
Dermatologicals,D,1994,benefit_aud,24987350,15791286,12909112,6707653,6304131,2102856,952118,279994,70034502
Dermatologicals,D,1995,benefit_aud,25597592,16326470,13503891,7073191,6673625,2234958,954718,292372,72656816
Dermatologicals,D,1996,benefit_aud,24132009,15945017,13549053,6977827,6716589,2215751,926455,283181,70745881
Dermatologicals,D,1997,benefit_aud,24234046,15730850,13928614,7171127,7001844,2269728,867587,308769,71512565
Dermatologicals,D,1998,benefit_aud,24932881,16464903,14775523,7387976,7349703,2405641,909208,308897,74534733
Dermatologicals,D,1999,benefit_aud,26645879,17816409,15996698,7919270,8381235,2576841,1020522,330531,80687385
Dermatologicals,D,2000,benefit_aud,28020324,18711336,16552607,7981241,8511671,2694646,1081617,312793,83866233
Dermatologicals,D,2001,benefit_aud,29794929,20783227,19490453,9579204,10605564,3243366,1194033,455663,95146439
Dermatologicals,D,2002,benefit_aud,30716078,22333754,20852315,10102964,11006898,3597593,1384754,547112,100541466
Dermatologicals,D,2003,benefit_aud,23521176,18219209,15834407,7952927,8337711,2677355,1048629,410801,78002213
Dermatologicals,D,2004,benefit_aud,22491392,17510177,15364358,7764081,7886883,2610599,1019858,418260,75065608
Dermatologicals,D,2005,benefit_aud,21660586,17180273,15372494,7350771,7815480,2608819,970785,438476,73397684
Dermatologicals,D,2006,benefit_aud,21247844,17166999,14870993,7049054,7716452,2354328,1042217,419903,71867789
Dermatologicals,D,2007,benefit_aud,21141919,17023293,15520424,7156580,8152264,2305262,1111940,423084,72834766
Dermatologicals,D,2008,benefit_aud,22180286,17793033,16433282,7342003,8639646,2510059,1279748,478699,76656757
Dermatologicals,D,2009,benefit_aud,23472157,19416786,17439601,8275544,8583970,2368415,1235761,550688,81342921
Dermatologicals,D,2010,benefit_aud,23727873,19572742,17724925,7974005,8909396,2383329,1283213,529011,82104492
Dermatologicals,D,2011,benefit_aud,24402656,19678827,18454474,8139783,9395589,2594475,1424674,566169,84656646
Dermatologicals,D,2012,benefit_aud,30976739,25125427,22405298,9803524,12023999,2944951,1810194,616181,105706313
Dermatologicals,D,2013,benefit_aud,28498458,22103943,24753704,10421909,9916560,3043435,1580571,668567,100987148
Dermatologicals,D,2014,benefit_aud,41068463,33460861,27546206,10868018,16289047,3465192,2234567,802789,135735143
Dermatologicals,D,2015,benefit_aud,63957450,47483678,39767369,15102494,18480844,4829478,3507523,1179005,194307842
Dermatologicals,D,2016,benefit_aud,76979874,59391352,48819600,18257734,21352422,5332531,4001881,1497395,235632789
Dermatologicals,D,2017,benefit_aud,75961506,56598515,52323066,17529976,21345591,5435992,4507368,1530406,235232421
Dermatologicals,D,2018,benefit_aud,71407446,57966428,51078091,16844252,21436312,5230643,4258554,1427217,229648944
Dermatologicals,D,2019,benefit_aud,75609363,63934813,57398134,17855835,23082298,5492486,4418154,1499098,249290180
Dermatologicals,D,2020,benefit_aud,83728859,64693829,60790180,18921309,25302972,5672774,4203636,1565773,264879331
Dermatologicals,D,2021,benefit_aud,89918585,74787575,67621712,19670673,26818260,5852770,4967605,1882662,291519843
Dermatologicals,D,2022,benefit_aud,90538132,79576172,70276788,19694523,27490235,5919431,5336558,1746065,300577903
Dermatologicals,D,2023,benefit_aud,95883774,83382955,72512587,21050564,27334654,5933958,4919447,1841777,312859717
Dermatologicals,D,2024,benefit_aud,98943016,84311733,70216915,27278331,29370193,6389210,5299723,1834310,323643431
Dermatologicals,D,2025,benefit_aud,134960983,112356280,98977827,30150113,63956602,9162680,8827464,2156756,460548705
Dermatologicals,D,2026_ytd,benefit_aud,38655069,33267055,27588199,8869274,13969018,2582457,2527132,616360,128074564
Dermatologicals,D,TOTAL,benefit_aud,1564162531,1236726018,1093259281,408583389,512142334,125045872,83002956,28527753,5051450134
"Systemic Hormonal Preparations, excl. Sex Hormones",H,1992,benefit_aud,4909323,2884786,2378710,1030696,931356,453391,137949,36748,12762958
"Systemic Hormonal Preparations, excl. Sex Hormones",H,1994,benefit_aud,5203443,3132794,2505692,1102513,1014962,503250,137053,40353,13640061
"Systemic Hormonal Preparations, excl. Sex Hormones",H,1995,benefit_aud,5621312,3461837,2731139,1227883,1138426,556383,140627,47044,14924652
"Systemic Hormonal Preparations, excl. Sex Hormones",H,1996,benefit_aud,5875875,3748736,2951546,1330244,1251273,571667,155980,49133,15934454
"Systemic Hormonal Preparations, excl. Sex Hormones",H,1997,benefit_aud,5555463,3554321,2916825,1247367,1227115,554476,148007,51565,15255139
"Systemic Hormonal Preparations, excl. Sex Hormones",H,1998,benefit_aud,5704523,3774903,3041239,1341273,1300281,575231,155102,58279,15950832
"Systemic Hormonal Preparations, excl. Sex Hormones",H,1999,benefit_aud,6729108,4509809,3743859,1610036,1555269,657649,198104,74533,19078368
"Systemic Hormonal Preparations, excl. Sex Hormones",H,2000,benefit_aud,7142215,4828875,3994003,1633357,1646165,712984,216084,77319,20251001
"Systemic Hormonal Preparations, excl. Sex Hormones",H,2001,benefit_aud,7700565,5767092,4823029,1975201,1835245,739252,224937,91094,23156415
"Systemic Hormonal Preparations, excl. Sex Hormones",H,2002,benefit_aud,8610747,6400922,5378214,2173165,2142614,815662,245001,86543,25852867
"Systemic Hormonal Preparations, excl. Sex Hormones",H,2003,benefit_aud,9061284,6682519,5836724,2266146,2357454,821769,243763,84750,27354409
"Systemic Hormonal Preparations, excl. Sex Hormones",H,2004,benefit_aud,9736517,7246439,6522508,2513529,2525448,839199,276887,138064,29798591
"Systemic Hormonal Preparations, excl. Sex Hormones",H,2005,benefit_aud,10570871,7572019,7032554,2567843,2865522,883526,270679,180365,31943379
"Systemic Hormonal Preparations, excl. Sex Hormones",H,2006,benefit_aud,12349384,8737120,7968507,3119219,3641161,1007160,313726,217967,37354244
"Systemic Hormonal Preparations, excl. Sex Hormones",H,2007,benefit_aud,13132617,9059436,8684513,3333045,3905944,1042665,326970,195834,39681025
"Systemic Hormonal Preparations, excl. Sex Hormones",H,2008,benefit_aud,14308560,10166206,9629842,3537389,4336762,1128142,373787,167802,43648490
"Systemic Hormonal Preparations, excl. Sex Hormones",H,2009,benefit_aud,17520958,13640575,11237864,4528712,4528434,1258179,529601,213838,53458160
"Systemic Hormonal Preparations, excl. Sex Hormones",H,2010,benefit_aud,20183486,14975241,12261984,4576924,5007610,1398467,610747,295773,59310231
"Systemic Hormonal Preparations, excl. Sex Hormones",H,2011,benefit_aud,20722567,16358756,12566521,4890229,5862022,1431153,670753,334912,62836913
"Systemic Hormonal Preparations, excl. Sex Hormones",H,2012,benefit_aud,24931761,21861806,14027441,6212478,8674525,1659955,798102,511236,78677305
"Systemic Hormonal Preparations, excl. Sex Hormones",H,2013,benefit_aud,30598012,21358277,17770390,8500386,7572160,2333267,876777,600977,89610247
"Systemic Hormonal Preparations, excl. Sex Hormones",H,2014,benefit_aud,41899252,27409430,20109759,8969884,10643914,2835454,1407024,913504,114188221
"Systemic Hormonal Preparations, excl. Sex Hormones",H,2015,benefit_aud,49523857,30705423,24165200,11288617,11719350,3466682,1717007,779910,133366045
"Systemic Hormonal Preparations, excl. Sex Hormones",H,2016,benefit_aud,56750463,33435490,27859784,12420731,14385688,3647207,2058454,896516,151454331
"Systemic Hormonal Preparations, excl. Sex Hormones",H,2017,benefit_aud,59817225,33716681,30690864,12999500,15130067,3962276,2180910,900127,159397648
"Systemic Hormonal Preparations, excl. Sex Hormones",H,2018,benefit_aud,61336374,35084704,31918966,13460265,15612057,4149953,2150019,971616,164683953
"Systemic Hormonal Preparations, excl. Sex Hormones",H,2019,benefit_aud,65371180,35777103,33005396,14358184,16249284,4673920,2803467,862214,173100748
"Systemic Hormonal Preparations, excl. Sex Hormones",H,2020,benefit_aud,68849414,39576946,36416270,15262470,17265308,5174291,2740476,1061033,186346209
"Systemic Hormonal Preparations, excl. Sex Hormones",H,2021,benefit_aud,69147764,40279695,37740989,15073031,17723785,5299542,3070533,1103844,189439181
"Systemic Hormonal Preparations, excl. Sex Hormones",H,2022,benefit_aud,67487706,39271503,39023470,14333806,17957147,5368401,2979719,1053144,187474896
"Systemic Hormonal Preparations, excl. Sex Hormones",H,2023,benefit_aud,56504854,36210095,34760204,12731406,15940263,4802018,2702073,883312,164534225
"Systemic Hormonal Preparations, excl. Sex Hormones",H,2024,benefit_aud,56013494,35914246,34060301,12713013,15697588,4231943,2279072,837559,161747216
"Systemic Hormonal Preparations, excl. Sex Hormones",H,2025,benefit_aud,64568654,41644611,40617001,14002485,20480563,5023976,3891129,932200,191160619
"Systemic Hormonal Preparations, excl. Sex Hormones",H,2026_ytd,benefit_aud,14371406,9151582,9257949,3112710,4510979,1051526,839888,204743,42500783
"Systemic Hormonal Preparations, excl. Sex Hormones",H,TOTAL,benefit_aud,977810234,617899980,547629255,221443734,258635741,73630615,37870408,14953849,2749873817
"Systemic Hormonal Preparations, excl. Sex Hormones",H,1994,benefit_aud,70645876,45322152,34866109,14033184,14214614,4282930,2164826,941146,186470838
"Systemic Hormonal Preparations, excl. Sex Hormones",H,1995,benefit_aud,72884914,50229279,35850850,15117913,15586904,4733846,2116431,1093067,197613205
"Systemic Hormonal Preparations, excl. Sex Hormones",H,1996,benefit_aud,72343985,52723113,38269261,15245331,16312316,4685219,2217993,1053673,202850889
"Systemic Hormonal Preparations, excl. Sex Hormones",H,1997,benefit_aud,72788747,49659646,39178206,16433122,16941122,4930459,2286899,983733,203201934
"Systemic Hormonal Preparations, excl. Sex Hormones",H,1998,benefit_aud,75445426,49157572,42203587,14895989,17747060,5257095,2527579,1026329,208260637
"Systemic Hormonal Preparations, excl. Sex Hormones",H,1999,benefit_aud,75438936,52790214,42708772,15025774,17705364,5162290,2633706,1033938,212498995
"Systemic Hormonal Preparations, excl. Sex Hormones",H,2000,benefit_aud,76608462,53640766,43791156,15647237,18515453,5221717,2864166,990425,217279381
"Systemic Hormonal Preparations, excl. Sex Hormones",H,2001,benefit_aud,77377161,53868366,46819263,17162582,20009004,5395738,2793951,1055175,224481241
"Systemic Hormonal Preparations, excl. Sex Hormones",H,2002,benefit_aud,80327536,55833040,49442369,16684135,20450042,5365264,2892079,990861,231985326
"Systemic Hormonal Preparations, excl. Sex Hormones",H,2003,benefit_aud,80016401,55819073,50048977,15925767,20931825,5350442,2837249,1001415,231931149
"Systemic Hormonal Preparations, excl. Sex Hormones",H,2004,benefit_aud,83144488,59008146,53999499,16571911,21885894,5564098,3050278,1050902,244275217
"Systemic Hormonal Preparations, excl. Sex Hormones",H,2005,benefit_aud,80647952,58103507,53140152,15640803,20630263,5320580,2931464,988838,237403558
"Systemic Hormonal Preparations, excl. Sex Hormones",H,2006,benefit_aud,78669027,57304598,51865856,14930752,19685736,5026399,2825571,951135,231259073
"Systemic Hormonal Preparations, excl. Sex Hormones",H,2007,benefit_aud,78156915,55652328,50826094,14459416,19167955,4917548,2773592,952248,226906097
"Systemic Hormonal Preparations, excl. Sex Hormones",H,2008,benefit_aud,82562090,57086496,53300873,14240468,20312310,5194294,2779568,963861,236439959
"Systemic Hormonal Preparations, excl. Sex Hormones",H,2009,benefit_aud,87348679,63287713,56700504,17275193,20649011,5394380,3003833,1110675,254769987
"Systemic Hormonal Preparations, excl. Sex Hormones",H,2010,benefit_aud,88526614,64488094,57218563,17504984,21547226,5463172,3088427,1073316,258910396
"Systemic Hormonal Preparations, excl. Sex Hormones",H,2011,benefit_aud,89236089,69331033,56820348,17367900,30601192,5707682,3045544,1078639,273188428
"Systemic Hormonal Preparations, excl. Sex Hormones",H,2012,benefit_aud,100499218,114821815,62108041,19172829,43151161,6259593,3496912,1157225,350666794
"Systemic Hormonal Preparations, excl. Sex Hormones",H,2013,benefit_aud,180697768,137964381,90051307,30119134,40950421,7929796,4686900,1262149,493661857
"Systemic Hormonal Preparations, excl. Sex Hormones",H,2014,benefit_aud,220940070,154131927,101456387,32574703,49214309,8756288,7306018,4508919,578888621
"Systemic Hormonal Preparations, excl. Sex Hormones",H,2015,benefit_aud,222540398,153140909,103647964,36169951,43674965,9321382,8232892,3835412,580563872
"Systemic Hormonal Preparations, excl. Sex Hormones",H,2016,benefit_aud,1000448381,814434535,598175655,176003445,205276801,59859383,61655718,32348238,2948202156
"Systemic Hormonal Preparations, excl. Sex Hormones",H,2017,benefit_aud,794122176,607231552,445377212,142278682,205999195,59462106,29574369,20345538,2304390830
"Systemic Hormonal Preparations, excl. Sex Hormones",H,2018,benefit_aud,522657146,398954123,303161301,94237893,135558860,34273708,18956154,10936028,1518735213
"Systemic Hormonal Preparations, excl. Sex Hormones",H,2019,benefit_aud,396852883,283035729,222881391,60212762,93998439,17390350,13851250,8005984,1096228789
"Systemic Hormonal Preparations, excl. Sex Hormones",H,2020,benefit_aud,335407378,224438854,201589009,52980564,81940488,17526178,10139062,6379565,930401098
"Systemic Hormonal Preparations, excl. Sex Hormones",H,2021,benefit_aud,255815094,188744505,177804101,42930899,78370793,15647710,9401076,5221202,773935378
"Systemic Hormonal Preparations, excl. Sex Hormones",H,2022,benefit_aud,449703810,340600245,253729679,79936120,120192002,28015927,21887344,6714826,1300779954
"Systemic Hormonal Preparations, excl. Sex Hormones",H,2023,benefit_aud,483705850,393992951,301555396,94060117,138236800,30314893,19571197,6462372,1467899576
"Systemic Hormonal Preparations, excl. Sex Hormones",H,2024,benefit_aud,470647520,402506862,280810812,83898347,125544911,27875723,17585898,6064369,1414934441
"Systemic Hormonal Preparations, excl. Sex Hormones",H,2025,benefit_aud,362734809,305893048,242436309,61093076,107453144,19178385,15188651,6187473,1120164894
"Systemic Hormonal Preparations, excl. Sex Hormones",H,2026_ytd,benefit_aud,59740864,42519512,48728564,9503336,19384980,2913816,2054925,1085444,185931440
"Systemic Hormonal Preparations, excl. Sex Hormones",H,TOTAL,benefit_aud,7343638196,5606223040,4321258855,1312102224,1854783745,441573617,294387687,139723728,21313691092
"Systemic Hormonal Preparations, excl. Sex Hormones",H,1994,benefit_aud,23318596,15184254,10006041,5189641,5951341,1671252,836187,129641,62286953
"Systemic Hormonal Preparations, excl. Sex Hormones",H,1995,benefit_aud,28208148,20569450,12548585,6534102,8043361,2311708,957525,152689,79325569
"Systemic Hormonal Preparations, excl. Sex Hormones",H,1996,benefit_aud,32664643,24593701,13682880,7719240,8800526,2335125,1171536,183338,91150989
"Systemic Hormonal Preparations, excl. Sex Hormones",H,1997,benefit_aud,41255417,33290129,17034340,10438860,10894701,3448112,1796056,293869,118451484
"Systemic Hormonal Preparations, excl. Sex Hormones",H,1998,benefit_aud,47234821,40123463,19934593,12444439,12113615,3507998,1847936,442511,137649376
"Systemic Hormonal Preparations, excl. Sex Hormones",H,1999,benefit_aud,63485012,49622333,26765307,15554469,15550238,4710538,2280256,555747,178523900
"Systemic Hormonal Preparations, excl. Sex Hormones",H,2000,benefit_aud,93113614,67907376,36427666,19142364,19745194,6961121,3175265,792661,247265260
"Systemic Hormonal Preparations, excl. Sex Hormones",H,2001,benefit_aud,109111616,86096021,49215252,25923460,25224282,8199337,4014481,979947,308764396
"Systemic Hormonal Preparations, excl. Sex Hormones",H,2002,benefit_aud,130764472,102276618,61684858,31301187,31146991,8790884,5196573,1046275,372207858
"Systemic Hormonal Preparations, excl. Sex Hormones",H,2003,benefit_aud,142719418,120389112,77415739,35833966,39143094,10333322,5553630,1363129,432751411
"Systemic Hormonal Preparations, excl. Sex Hormones",H,2004,benefit_aud,176848348,146202863,102963593,45864991,46304664,12496709,7641479,1806323,540128970
"Systemic Hormonal Preparations, excl. Sex Hormones",H,2005,benefit_aud,210292428,167848954,121610772,55965687,57315691,14191692,9021630,2646489,638893344
"Systemic Hormonal Preparations, excl. Sex Hormones",H,2006,benefit_aud,241458409,197046426,142396013,63703594,69314268,18233807,10688888,2625308,745466713
"Systemic Hormonal Preparations, excl. Sex Hormones",H,2007,benefit_aud,290614614,235844767,177312796,77318858,92585931,21776833,12370935,3694168,911518903
"Systemic Hormonal Preparations, excl. Sex Hormones",H,2008,benefit_aud,333446785,275304890,210491037,85495452,113088419,25964372,13136929,4476696,1061404581
"Systemic Hormonal Preparations, excl. Sex Hormones",H,2009,benefit_aud,403354797,333700110,261084224,111240108,130401390,35473189,17184928,4463065,1296901811
"Systemic Hormonal Preparations, excl. Sex Hormones",H,2010,benefit_aud,454216411,380704860,289043309,117700955,158694327,40102123,18670978,5349561,1464482524
"Systemic Hormonal Preparations, excl. Sex Hormones",H,2011,benefit_aud,484520837,415708917,316755646,125637045,188127110,42391980,20682606,6268817,1600092958
"Systemic Hormonal Preparations, excl. Sex Hormones",H,2012,benefit_aud,589725100,515351851,382620565,140095877,245861478,50154420,21699708,7351576,1952860576
"Systemic Hormonal Preparations, excl. Sex Hormones",H,2013,benefit_aud,633351524,529894964,445330249,176244159,226532075,61888492,24973245,7861342,2106076050
"Systemic Hormonal Preparations, excl. Sex Hormones",H,2014,benefit_aud,847763109,699826256,517370272,194236330,322882197,72526501,37801749,12295247,2704701661
"Systemic Hormonal Preparations, excl. Sex Hormones",H,2015,benefit_aud,1006115293,799823355,568534864,246913094,354660249,88447421,50888735,12794579,3128177590
"Systemic Hormonal Preparations, excl. Sex Hormones",H,2016,benefit_aud,998113787,844907471,630971073,259962322,372292167,86087897,51728009,16042217,3260104945
"Systemic Hormonal Preparations, excl. Sex Hormones",H,2017,benefit_aud,1075144755,865083868,669846704,265068819,387471348,91581507,50461657,16504673,3421163332
"Systemic Hormonal Preparations, excl. Sex Hormones",H,2018,benefit_aud,1226476436,1005331277,788328589,309395601,454654003,106945247,54477581,19539789,3965148524
"Systemic Hormonal Preparations, excl. Sex Hormones",H,2019,benefit_aud,1444646501,1147873355,910240156,370452650,518349946,124693435,68856347,22293732,4607406123
"Systemic Hormonal Preparations, excl. Sex Hormones",H,2020,benefit_aud,1654680192,1359551213,1043652146,423342764,592101952,146520272,73750205,27509721,5321108465
"Systemic Hormonal Preparations, excl. Sex Hormones",H,2021,benefit_aud,1787580065,1537206086,1102065086,453770461,652428977,157358828,81292512,28103023,5799805037
"Systemic Hormonal Preparations, excl. Sex Hormones",H,2022,benefit_aud,1951758274,1568251689,1257967698,489148805,717849458,169153824,90443365,30294770,6274867883
"Systemic Hormonal Preparations, excl. Sex Hormones",H,2023,benefit_aud,2093879559,1637866648,1341097235,517320811,748738527,178280726,89619660,31241573,6638044738
"Systemic Hormonal Preparations, excl. Sex Hormones",H,2024,benefit_aud,2438651960,1997388191,1518806769,569717281,845762721,193923394,97344914,35392959,7696988190
"Systemic Hormonal Preparations, excl. Sex Hormones",H,2025,benefit_aud,2752581348,2482456851,1717875527,644505302,950208791,216597535,122580868,50019775,8936825997
"Systemic Hormonal Preparations, excl. Sex Hormones",H,2026_ytd,benefit_aud,645406916,545399837,413805523,146365242,228897557,49375129,28074752,9644334,2066969290
"Systemic Hormonal Preparations, excl. Sex Hormones",H,TOTAL,benefit_aud,24470402275,20260739445,15263143620,6063534498,8655603480,2057639798,1080834062,364250930,78216148108
Musculo-Skeletal System,M,1992,benefit_aud,23581241,14806230,10198997,5330384,5723776,1887729,596868,194015,62319240
Musculo-Skeletal System,M,1994,benefit_aud,22480163,14388206,9758717,5223390,5433122,1856694,572345,198626,59911262
Musculo-Skeletal System,M,1995,benefit_aud,23199461,14858716,10260712,5501867,5703660,1942139,589191,211054,62266800
Musculo-Skeletal System,M,1996,benefit_aud,22823653,14832533,10287880,5486422,5779569,1926861,591644,208681,61937242
Musculo-Skeletal System,M,1997,benefit_aud,25089966,15500151,11565130,5762982,5943867,1991939,665522,211800,66731357
Musculo-Skeletal System,M,1998,benefit_aud,27072119,16672157,13326121,6062007,6453676,2065260,789935,227075,72668349
Musculo-Skeletal System,M,1999,benefit_aud,29868767,18476950,15210990,6713248,7195115,2168702,861314,267752,80762838
Musculo-Skeletal System,M,2000,benefit_aud,62864995,37791784,31595118,12290297,14695418,4219407,1883872,416081,165756972
Musculo-Skeletal System,M,2001,benefit_aud,107778747,68195128,57691173,24165312,26892480,7330820,3601002,896490,296551151
Musculo-Skeletal System,M,2002,benefit_aud,117015922,73785540,62172514,25566492,28896491,8057234,4179078,947202,320620474
Musculo-Skeletal System,M,2003,benefit_aud,127525401,81754689,69695336,28578383,32081525,8767566,4649172,1056994,354109066
Musculo-Skeletal System,M,2004,benefit_aud,133921100,84598725,74039596,30455534,33310582,8929099,4923997,1111741,371290374
Musculo-Skeletal System,M,2005,benefit_aud,108774935,67365896,59241244,24874556,24451661,6959590,3853532,729750,296251164
Musculo-Skeletal System,M,2006,benefit_aud,103506836,64285821,56445909,23015440,22550266,6390574,3562688,668300,280425835
Musculo-Skeletal System,M,2007,benefit_aud,102766687,63888662,58495583,23512858,22543247,6301430,3557125,680678,281746270
Musculo-Skeletal System,M,2008,benefit_aud,92965765,58190631,53324408,20522560,20826384,5919813,2961489,605782,255316832
Musculo-Skeletal System,M,2009,benefit_aud,98967368,62081166,54840618,23257758,20630941,6155594,2932055,693665,269559165
Musculo-Skeletal System,M,2010,benefit_aud,98003920,60061695,54218145,21958459,20793577,6131090,2853718,677397,264698003
Musculo-Skeletal System,M,2011,benefit_aud,90609903,56005699,49539898,19882745,19461223,5696420,2711610,608852,244516349
Musculo-Skeletal System,M,2012,benefit_aud,99955246,63317576,52131946,21133937,22533767,6002268,2929402,559706,268563849
Musculo-Skeletal System,M,2013,benefit_aud,85843679,52039656,53282441,21951343,18213011,6153644,2617373,634332,240735479
Musculo-Skeletal System,M,2014,benefit_aud,111002741,71893368,55539564,21660013,26863943,6895867,3644281,743133,298242910
Musculo-Skeletal System,M,2015,benefit_aud,113556680,73703466,64202682,24761310,26259134,8011466,9171215,788216,320454168
Musculo-Skeletal System,M,2016,benefit_aud,96885961,66565044,62236273,23314674,25159445,7583641,32256521,827336,314828895
Musculo-Skeletal System,M,2017,benefit_aud,96055357,65287522,60633921,22706967,25306610,7344860,37264835,789927,315389999
Musculo-Skeletal System,M,2018,benefit_aud,113489796,80214579,73047874,29084984,29528371,8153760,39581011,844706,373945081
Musculo-Skeletal System,M,2019,benefit_aud,130886927,88597269,77729781,29967907,34520242,8830877,40940245,947232,412420481
Musculo-Skeletal System,M,2020,benefit_aud,137483882,95915988,86259237,33633314,36535575,10056816,47268092,1445012,448597915
Musculo-Skeletal System,M,2021,benefit_aud,131808006,94915368,85789416,33905732,38872681,10202154,53998698,1435821,450927875
Musculo-Skeletal System,M,2022,benefit_aud,149773650,103293940,94657214,34587708,42173362,10602874,57742663,1277488,494108898
Musculo-Skeletal System,M,2023,benefit_aud,187803096,129198482,115128002,42477604,48636133,12344377,56058133,1461370,593107199
Musculo-Skeletal System,M,2024,benefit_aud,224330824,140894421,123278926,47323944,51506962,13354566,63861867,2504511,667056019
Musculo-Skeletal System,M,2025,benefit_aud,244816476,152278886,139455480,54587598,55208260,13982202,63475976,2715699,726520577
Musculo-Skeletal System,M,2026_ytd,benefit_aud,52128687,32857999,29550648,11313447,11757520,2733741,17822936,497668,158662646
Musculo-Skeletal System,M,TOTAL,benefit_aud,3394637954,2198513943,1934831491,770571177,822441598,226951072,574969406,28084094,9951000735
Nervous System,N,1992,benefit_aud,56997239,39635470,29060641,14461237,13097496,4832005,1961991,589167,160635246
Nervous System,N,1994,benefit_aud,70107005,50299951,36919489,17894947,17054108,5884456,2670254,830396,201660606
Nervous System,N,1995,benefit_aud,93459235,68971115,51130497,24795040,25026858,8126079,3951023,1170600,276630446
Nervous System,N,1996,benefit_aud,108964538,80934639,60937720,29302341,30775755,9593410,4733418,1462465,326704284
Nervous System,N,1997,benefit_aud,110911394,80884859,62271229,30000538,31198970,9896763,4815318,1657097,331636169
Nervous System,N,1998,benefit_aud,130745716,98561134,75215853,36347442,35853160,11627711,6180685,2413984,396945686
Nervous System,N,1999,benefit_aud,152093493,123684287,89286118,43547940,43587547,13591307,7270948,2840030,475901670
Nervous System,N,2000,benefit_aud,182465562,151870117,107352530,50480364,52146331,16214163,8855747,2825779,572210593
Nervous System,N,2001,benefit_aud,236890235,193168145,147837227,72875351,73963004,21856992,11113819,4017716,761722487
Nervous System,N,2002,benefit_aud,246651627,203743230,149840801,72819643,75820736,22227865,11487258,3507016,786098175
Nervous System,N,2003,benefit_aud,260394459,221949439,161655477,77127287,81850437,23650300,11875867,3572075,842075339
Nervous System,N,2004,benefit_aud,286670439,243122042,178857767,85144579,90441498,25839437,12572217,3863237,926511216
Nervous System,N,2005,benefit_aud,292217292,250346944,181378544,85687523,88701239,26156233,12413771,3943239,940844786
Nervous System,N,2006,benefit_aud,305652813,261970792,185630463,87500975,88807012,26799934,12725134,3842268,972929392
Nervous System,N,2007,benefit_aud,322942208,275146941,199635471,93538520,94293641,28418586,13847203,4074705,1031897276
Nervous System,N,2008,benefit_aud,356896125,292848308,219391867,96609452,101371909,32047932,14881907,4371217,1118418717
Nervous System,N,2009,benefit_aud,394310811,329129167,242395483,114806073,105851430,34183766,16242701,5105591,1242025022
Nervous System,N,2010,benefit_aud,411142834,346259411,261235014,117089959,116743065,36210724,16724999,5207348,1310613354
Nervous System,N,2011,benefit_aud,421788849,348452548,267222223,117525913,120917774,37553282,17198533,5208714,1335867838
Nervous System,N,2012,benefit_aud,457209944,377459313,283446871,125768393,131688010,39165953,18911184,5390626,1439040294
Nervous System,N,2013,benefit_aud,382390098,294766183,291822136,124282622,99648276,38831402,15953763,5493317,1253187796
Nervous System,N,2014,benefit_aud,481965954,392049510,273875731,112185556,143400370,38831989,20361548,5154252,1467824911
Nervous System,N,2015,benefit_aud,462711037,363603743,299870653,121719611,127070578,41930983,19284194,5661737,1441852535
Nervous System,N,2016,benefit_aud,394305097,307896118,274898066,105873405,116456847,37359805,16764390,5059812,1258613540
Nervous System,N,2017,benefit_aud,389884485,302537279,265177938,101092802,114812606,35849525,17162699,4879390,1231396724
Nervous System,N,2018,benefit_aud,383469771,301093032,265055345,98019903,111315193,34571052,17051125,5005408,1215580829
Nervous System,N,2019,benefit_aud,388219067,296031573,262850313,94788860,114011119,35318694,17192721,5264355,1213676703
Nervous System,N,2020,benefit_aud,404129449,312391370,287006842,103698188,120515837,38032581,18438308,5650820,1289863395
Nervous System,N,2021,benefit_aud,396011057,319552161,293676570,103035038,127196933,38985764,19369994,5936029,1303763546
Nervous System,N,2022,benefit_aud,415143251,344260719,316210658,106675082,135779322,41724441,21394275,6583821,1387771569
Nervous System,N,2023,benefit_aud,442563691,375476451,338167275,116772516,147933133,43460552,24257460,6979204,1495610282
Nervous System,N,2024,benefit_aud,526034770,422921509,356846804,128248273,162214106,46766518,27231428,8083073,1678346482
Nervous System,N,2025,benefit_aud,674301654,531755110,477263550,170853370,206824918,59345307,35778617,9657313,2165779839
Nervous System,N,2026_ytd,benefit_aud,150766127,119065808,103259402,37224194,47353479,12745928,8299570,2232196,480946703
Nervous System,N,TOTAL,benefit_aud,10790407327,8721838416,7096682571,2917792936,3193722695,977631439,488974068,147533998,34334583450
Nervous System,N,1994,benefit_aud,1530780,931036,671590,360715,353188,122449,27705,9622,4007086
Nervous System,N,1995,benefit_aud,1670190,982551,791351,387899,391072,138562,29005,19167,4409796
Nervous System,N,1996,benefit_aud,1819053,1041774,880679,413301,422356,146807,31721,25115,4780806
Nervous System,N,1997,benefit_aud,1760099,1022776,868526,384322,416885,141740,32325,40071,4666743
Nervous System,N,1998,benefit_aud,1659863,989565,862930,370579,405109,134461,31157,41056,4494719
Nervous System,N,1999,benefit_aud,1698201,1044255,874167,387776,423674,143593,33528,46056,4651249
Nervous System,N,2000,benefit_aud,1781319,1058826,897045,371216,429139,144381,35392,25785,4743104
Nervous System,N,2001,benefit_aud,1750727,1099707,909943,422427,451251,151945,36838,23854,4846692
Nervous System,N,2002,benefit_aud,1801847,1119253,897224,414818,458619,152379,37530,21416,4903087
Nervous System,N,2003,benefit_aud,1658981,1072072,841922,383355,429742,148389,43033,21904,4599398
Nervous System,N,2004,benefit_aud,1718027,1087271,871076,399447,428937,148485,51365,21143,4725751
Nervous System,N,2005,benefit_aud,979285,569164,461903,169968,214731,69356,27201,11723,2503332
Nervous System,N,2006,benefit_aud,316980,102799,136461,25023,41292,8840,3553,8127,643074
Nervous System,N,2007,benefit_aud,287563,104613,132001,22267,34698,5079,1766,6488,594476
Nervous System,N,2008,benefit_aud,309234,114296,139849,27580,34154,5656,5514,4186,640469
Nervous System,N,2009,benefit_aud,384464,170172,184926,44352,43528,9546,7925,10935,855848
Nervous System,N,2010,benefit_aud,401798,197484,232581,60294,74965,16567,6569,11383,1001641
Nervous System,N,2011,benefit_aud,447513,272285,309144,85581,61524,34108,5788,11695,1227640
Nervous System,N,2012,benefit_aud,685284,369545,440604,107636,85219,69325,8271,15592,1781476
Nervous System,N,2013,benefit_aud,567552,287578,563592,97594,79600,47968,9321,17983,1671188
Nervous System,N,2014,benefit_aud,727532,346990,513734,77595,156524,37805,14012,19896,1894087
Nervous System,N,2015,benefit_aud,806509,402548,619802,101780,212510,44565,23934,34615,2246263
Nervous System,N,2016,benefit_aud,739267,409126,739010,108004,253765,27425,19545,43386,2339528
Nervous System,N,2017,benefit_aud,775678,383767,768480,95540,240888,37634,17124,37778,2356890
Nervous System,N,2018,benefit_aud,759293,355003,852785,91867,216680,32971,13349,51480,2373428
Nervous System,N,2019,benefit_aud,786056,327257,1082360,86075,244922,30254,24769,31409,2613102
Nervous System,N,2020,benefit_aud,806497,418872,1120966,84715,315955,60919,21333,24059,2853317
Nervous System,N,2021,benefit_aud,779248,497380,1358184,68989,364008,48164,27928,20900,3164800
Nervous System,N,2022,benefit_aud,758221,497945,1373867,84291,383551,90757,31634,36887,3257153
Nervous System,N,2023,benefit_aud,928495,555927,1534892,119132,567158,89423,44730,30398,3870156
Nervous System,N,2024,benefit_aud,1648738,749029,2179316,121097,653418,71285,37249,52744,5512876
Nervous System,N,2025,benefit_aud,2439779,908223,3172200,176163,800364,72813,55266,70853,7695661
Nervous System,N,2026_ytd,benefit_aud,569572,238804,777775,71418,186959,17236,16226,22358,1900347
Nervous System,N,TOTAL,benefit_aud,37339438,20670034,28762825,6592095,10242963,2626674,840333,880196,107954557
Respiratory System,R,1992,benefit_aud,72858264,41394379,32221068,12747123,11465559,4265891,2134331,596366,177682982
Respiratory System,R,1994,benefit_aud,71525104,42924989,33288840,13177663,11567967,4423978,2092854,632369,179633765
Respiratory System,R,1995,benefit_aud,76843045,46557376,36217310,14960332,12978059,4970001,2215134,736449,195477705
Respiratory System,R,1996,benefit_aud,87851542,53966016,42057732,17706329,15003700,5602318,2695225,847969,225730831
Respiratory System,R,1997,benefit_aud,89439024,53399594,42445188,18143219,15303259,5610650,2622350,825521,227788804
Respiratory System,R,1998,benefit_aud,88940364,54520217,42944521,19030123,15533847,5639118,2626694,816466,230051350
Respiratory System,R,1999,benefit_aud,96698041,61195645,48256037,20560119,17400924,6491358,2985989,873739,254461853
Respiratory System,R,2000,benefit_aud,104212867,65401000,52021298,21390800,18851721,6910592,3248112,858573,272894963
Respiratory System,R,2001,benefit_aud,108063497,69831357,56327356,24150404,20312149,7445244,3507026,1001064,290638099
Respiratory System,R,2002,benefit_aud,119546498,78450168,60895857,25608339,23188060,8431679,3791872,1142598,321055070
Respiratory System,R,2003,benefit_aud,120830806,82555044,63966520,26843531,25039024,9160640,3848691,1204687,333448942
Respiratory System,R,2004,benefit_aud,130149615,89088868,69500226,29749515,27334485,10200393,4104158,1386822,361514082
Respiratory System,R,2005,benefit_aud,130794574,90214645,69574651,30025278,27998944,10484813,4055362,1339064,364487330
Respiratory System,R,2006,benefit_aud,128025134,88428514,67818479,29496001,27070208,10278885,3881804,1356880,356355904
Respiratory System,R,2007,benefit_aud,129660124,88799943,70233493,30120182,27632544,10542021,3997064,1364184,362349555
Respiratory System,R,2008,benefit_aud,134045969,89035930,72639501,29676953,28729142,11151416,4122883,1413383,370815178
Respiratory System,R,2009,benefit_aud,141636312,96212004,75506965,34987059,28918289,11482644,4246664,1616252,394606189
Respiratory System,R,2010,benefit_aud,143004014,99410156,78506083,34426681,30862212,11784034,4316533,1626227,403935941
Respiratory System,R,2011,benefit_aud,144058670,101499685,79535188,33949063,31281954,12102473,4486794,1671398,408585225
Respiratory System,R,2012,benefit_aud,165151309,117198384,89824512,38266597,36576053,13491114,5030958,1763940,467302866
Respiratory System,R,2013,benefit_aud,142100437,92694688,92611909,38858938,28428284,13703915,4182005,1833161,414413337
Respiratory System,R,2014,benefit_aud,194786753,137498705,93956348,39031612,44062928,14789596,5930530,1923704,531980177
Respiratory System,R,2015,benefit_aud,203868994,142375913,116098179,46312765,43769354,16574206,6161373,2008481,577169264
Respiratory System,R,2016,benefit_aud,181078120,127239509,111531638,43178566,41571218,15307130,5637301,1912961,527456443
Respiratory System,R,2017,benefit_aud,182615546,133089279,111523642,43189384,44024528,15627071,6240173,1814561,538124185
Respiratory System,R,2018,benefit_aud,175534477,129380071,113332569,41977615,44125353,15863081,6054345,1740981,528008492
Respiratory System,R,2019,benefit_aud,228567795,170816315,160014366,61964202,64231915,22512215,8804178,1945867,718856852
Respiratory System,R,2020,benefit_aud,267906767,210044836,190808220,72368093,81326593,25732621,10721364,2254117,861162610
Respiratory System,R,2021,benefit_aud,268788675,202462285,191265824,73865801,80229201,25391464,12604315,2313438,856921003
Respiratory System,R,2022,benefit_aud,341633048,261982437,248536597,91841466,98965322,32489772,16124725,2935485,1094508851
Respiratory System,R,2023,benefit_aud,396360245,270424053,284956108,104491467,122429738,37769925,17551802,3319490,1237302828
Respiratory System,R,2024,benefit_aud,399062890,336257235,305176992,110094182,137142741,38564294,13382558,4043885,1343724776
Respiratory System,R,2025,benefit_aud,458402386,345646482,350695316,128784363,148240234,42820338,32098410,4256933,1510944461
Respiratory System,R,2026_ytd,benefit_aud,108654272,80551236,79123147,26345138,37236232,9429505,5104829,1295678,347740037
Respiratory System,R,TOTAL,benefit_aud,5832695177,4150546956,3633411681,1427318902,1468831742,497044394,220608405,56672694,17287129950
Sensory Organs,S,1992,benefit_aud,15145609,9324644,6652493,3600618,3249953,837900,285497,80894,39177608
Sensory Organs,S,1994,benefit_aud,16209384,10216754,7210367,3833094,3437329,903187,302178,85548,42197841
Sensory Organs,S,1995,benefit_aud,17704618,11254232,8015394,4172860,3715876,1026403,330559,105149,46325092
Sensory Organs,S,1996,benefit_aud,18217258,11720035,8602439,4377152,3910311,1073109,344492,111157,48355953
Sensory Organs,S,1997,benefit_aud,17199043,10962472,8219227,4092583,3696851,1000778,339815,97649,45608417
Sensory Organs,S,1998,benefit_aud,18288082,11560054,8924665,4380663,3876140,1055834,370405,111547,48567389
Sensory Organs,S,1999,benefit_aud,23368919,15107196,11230651,5663198,5155028,1414972,540398,143723,62624086
Sensory Organs,S,2000,benefit_aud,27387356,17866562,12803160,6138067,5828526,1694080,686951,170653,72575353
Sensory Organs,S,2001,benefit_aud,29180605,19274641,14116930,7193670,6299625,1850050,746469,179766,78841756
Sensory Organs,S,2002,benefit_aud,32158226,20656867,15015449,7336149,6883479,2005057,836280,178282,85069790
Sensory Organs,S,2003,benefit_aud,33520726,22065581,15986438,7526700,7299791,2139471,867660,186267,89592635
Sensory Organs,S,2004,benefit_aud,36670947,23795088,17563090,8226572,7740154,2261757,959594,199567,97416769
Sensory Organs,S,2005,benefit_aud,36477784,23763311,17585145,7973304,7606998,2232274,949854,192350,96781020
Sensory Organs,S,2006,benefit_aud,38502887,25169340,18298137,8100527,7873809,2377372,985951,194637,101502661
Sensory Organs,S,2007,benefit_aud,52056758,30852385,22108203,10142099,9863076,3336365,1178811,218283,129755980
Sensory Organs,S,2008,benefit_aud,91641761,43338590,31098945,13953421,15727924,5560490,2532750,264834,204118714
Sensory Organs,S,2009,benefit_aud,126967426,59443902,41980322,22122315,21014453,8251868,3941863,358437,284080585
Sensory Organs,S,2010,benefit_aud,152348316,74374458,63418403,26468966,26173264,10198446,4485525,460951,357928329
Sensory Organs,S,2011,benefit_aud,174046642,77026553,73322547,30387771,32115586,11606699,4784551,445643,403735991
Sensory Organs,S,2012,benefit_aud,211404357,90374173,90379481,35250706,40550496,14337912,6904211,668683,489870019
Sensory Organs,S,2013,benefit_aud,165294096,69144131,85446244,31295267,30870319,14326638,5205457,621202,402203353
Sensory Organs,S,2014,benefit_aud,229114687,90997983,85167685,23839313,37637683,13019963,5915318,614511,486307144
Sensory Organs,S,2015,benefit_aud,250008240,103934745,98696537,28339202,42930071,17402965,5704551,918620,547934930
Sensory Organs,S,2016,benefit_aud,252798501,111584201,108682005,29874531,43656198,17799675,5397135,951616,570743862
Sensory Organs,S,2017,benefit_aud,262306969,117459436,112840165,29113002,48480382,19102672,5016105,1049945,595368675
Sensory Organs,S,2018,benefit_aud,272143561,122609041,109652206,38896880,50346689,19729903,4690541,1366040,619434862
Sensory Organs,S,2019,benefit_aud,279696786,128811573,140138671,47742993,54424119,20080671,5429077,1647784,677971674
Sensory Organs,S,2020,benefit_aud,309852857,151835409,142795375,53958125,61300018,21525379,6765979,2133858,750167000
Sensory Organs,S,2021,benefit_aud,311561716,164008139,163193647,63725202,67529838,23069146,6464579,2365009,801917276
Sensory Organs,S,2022,benefit_aud,325595247,171986086,176423303,61138991,75312440,24983480,7127697,2314009,844881254
Sensory Organs,S,2023,benefit_aud,312442342,167030447,155078771,59457802,73256156,24128984,5635546,2336398,799366446
Sensory Organs,S,2024,benefit_aud,316362640,172471545,156991551,68659907,74615498,22944720,6032408,1778319,819856589
Sensory Organs,S,2025,benefit_aud,330818394,187714540,180586607,68457006,82854833,27005676,9869603,1849232,889155891
Sensory Organs,S,2026_ytd,benefit_aud,64100574,36251862,36979452,12532277,18101179,5089605,2559724,393988,176008661
Sensory Organs,S,TOTAL,benefit_aud,4850593315,2403985977,2245203707,837970934,983334090,345373500,114187533,24794549,11805443605
Various +,V,1992,benefit_aud,8323211,4383802,3374063,1681489,1082771,380641,286650,77390,19590016
Various +,V,1994,benefit_aud,8967331,4813230,3600032,1815348,1297954,402730,300465,74527,21271616
Various +,V,1995,benefit_aud,9619643,5480338,4196541,2094331,1447241,433993,263551,141433,23677072
Various +,V,1996,benefit_aud,10738705,6464026,4977181,2282182,1623060,476650,280990,162036,27004831
Various +,V,1997,benefit_aud,11270643,6977962,5228252,2335860,1710339,496927,281302,112438,28413722
Various +,V,1998,benefit_aud,11655086,7464905,5612456,2386738,1752389,516742,315579,125519,29829413
Various +,V,1999,benefit_aud,13258947,8983245,6342529,2618847,2080487,608583,390078,127602,34410319
Various +,V,2000,benefit_aud,14742628,10076783,6537536,2784106,2227504,593293,445113,111184,37518147
Various +,V,2001,benefit_aud,14875489,11001483,6884439,3175138,2420592,630528,404309,127145,39519123
Various +,V,2002,benefit_aud,16082366,12297674,6963286,3292712,2648244,697326,362940,132023,42476572
Various +,V,2003,benefit_aud,16392810,12470028,6989465,3281664,2593888,646696,437717,123723,42935990
Various +,V,2004,benefit_aud,16876656,13405565,7936957,3229916,2622397,670346,514878,157661,45414374
Various +,V,2005,benefit_aud,17411294,14099887,8995720,3283270,2872303,827611,570005,243757,48303848
Various +,V,2006,benefit_aud,17598107,14398594,9652722,3269439,2754150,884824,573947,183390,49315174
Various +,V,2007,benefit_aud,18473728,14355534,10485498,3309012,3060161,880827,631166,126111,51322036
Various +,V,2008,benefit_aud,21584049,16712837,12346809,3462585,3697217,1097517,688994,168132,59758140
Various +,V,2009,benefit_aud,24172306,18986984,13423171,3912266,3507356,1179173,800050,170350,66151655
Various +,V,2010,benefit_aud,25533755,19735863,14393406,3830423,3784917,1278980,756859,191652,69505854
Various +,V,2011,benefit_aud,25715189,20277326,14341072,3874413,4447944,1229818,797018,212880,70895661
Various +,V,2012,benefit_aud,29199490,27923695,15601038,4434605,5740443,1087930,866156,265055,85118413
Various +,V,2013,benefit_aud,30775594,23668900,16629430,6051025,4366888,1183435,769358,315060,83759691
Various +,V,2014,benefit_aud,49118493,29169168,17101908,5910475,5869566,1263180,1046086,561072,110039948
Various +,V,2015,benefit_aud,50880407,29887373,18582504,6546592,6082648,1369110,1197932,747440,115294007
Various +,V,2016,benefit_aud,32684099,23324450,16957523,5147753,5937346,1208039,1053325,824756,87137290
Various +,V,2017,benefit_aud,27855655,22196865,15469845,4633686,5295016,1150540,1014819,1126659,78743085
Various +,V,2018,benefit_aud,27033076,23028138,14092745,4738767,5143698,1225607,911846,1382532,77556410
Various +,V,2019,benefit_aud,28735738,24857965,13428152,4787902,5359311,1269413,935440,1359424,80733345
Various +,V,2020,benefit_aud,26843778,22693342,13498790,5000603,5149731,1370562,828538,943292,76328636
Various +,V,2021,benefit_aud,25739596,20797263,12655763,4450414,4730861,1219565,811656,895931,71301048
Various +,V,2022,benefit_aud,22526401,18704029,11056743,3625100,4155883,1078975,636500,737545,62521177
Various +,V,2023,benefit_aud,20169185,17508206,10101144,3505780,3907121,1113521,547727,760770,57613454
Various +,V,2024,benefit_aud,20623927,18109827,9657950,3341776,4020622,1139243,531983,816314,58241643
Various +,V,2025,benefit_aud,23481857,20359530,10390155,3652872,4691847,1299214,686048,910251,65471773
Various +,V,2026_ytd,benefit_aud,5446608,4502486,2256384,766327,1214797,288266,134419,193352,14802638
Various +,V,TOTAL,benefit_aud,724405850,549117304,349761207,122513418,119296691,31199805,21073444,14608403,1931976121
Various +,V,1994,benefit_aud,2492048,1267964,1076112,666988,374294,104384,39345,8323,6029459
Various +,V,1995,benefit_aud,2648303,1446084,1148759,663595,401642,118981,39708,8581,6475654
Various +,V,1996,benefit_aud,2658831,1578912,1135675,630205,421610,115706,39481,8974,6589394
Various +,V,1997,benefit_aud,2321370,1468310,947138,525219,354282,92780,35543,5942,5750583
Various +,V,1998,benefit_aud,1880916,1266608,768192,376567,265911,75378,30031,4566,4668170
Various +,V,1999,benefit_aud,1815867,1285060,728199,319560,265053,68265,30269,4123,4516396
Various +,V,2000,benefit_aud,1831331,1318776,728507,305923,263460,71231,31390,3270,4553887
Various +,V,2001,benefit_aud,1866086,1515253,796556,351343,309521,86124,38773,4818,4968474
Various +,V,2002,benefit_aud,1851118,1588428,778765,312913,302467,79861,30270,4450,4948271
Various +,V,2003,benefit_aud,1480834,1223780,684770,243458,256589,69758,29444,3729,3992361
Various +,V,2004,benefit_aud,1370589,1173993,589764,229314,240553,64778,26997,3207,3699196
Various +,V,2005,benefit_aud,1317817,1101036,567768,200741,224408,54809,22575,2706,3491859
Various +,V,2006,benefit_aud,1287551,1186084,565316,201541,197536,56907,22683,2394,3520013
Various +,V,2007,benefit_aud,1163972,1128206,508337,198231,217965,51380,20507,2450,3291047
Various +,V,2008,benefit_aud,1165985,1115421,465562,176772,166855,53690,32157,2065,3178507
Various +,V,2009,benefit_aud,1460660,1562189,580140,246575,183976,58198,50690,3864,4146293
Various +,V,2010,benefit_aud,1547745,1750282,622955,230117,197666,66316,67601,4955,4487637
Various +,V,2011,benefit_aud,1319839,1414110,516839,196850,163944,57363,62817,4201,3735963
Various +,V,2012,benefit_aud,1331977,1337472,475498,202285,180790,59641,71032,3116,3661812
Various +,V,2013,benefit_aud,1120122,1088216,480876,180578,118654,51587,69109,4056,3113197
Various +,V,2014,benefit_aud,1723292,1714361,481719,182032,199362,58342,106543,2962,4468614
Various +,V,2015,benefit_aud,2175158,1903490,580709,237218,215439,74164,132171,3844,5322192
Various +,V,2016,benefit_aud,2486823,1911769,600130,239858,233143,68442,158586,12426,5711177
Various +,V,2017,benefit_aud,2309006,1931408,654054,228747,241536,80026,157794,6271,5608840
Various +,V,2018,benefit_aud,2358318,2219598,592534,216670,246616,72246,130266,3914,5840162
Various +,V,2019,benefit_aud,2220692,1920511,579314,222263,291193,64457,97880,5116,5401424
Various +,V,2020,benefit_aud,2280905,1902829,567624,202174,296402,60438,92226,4160,5406758
Various +,V,2021,benefit_aud,1836060,1912256,546010,162175,307322,49645,85260,5156,4903884
Various +,V,2022,benefit_aud,1594268,1624893,546401,151864,392995,54918,64589,3508,4433438
Various +,V,2023,benefit_aud,1582647,1570431,550942,146336,326214,49236,118362,1875,4346042
Various +,V,2024,benefit_aud,1515964,1303096,523609,139308,328983,42824,82316,1489,3937589
Various +,V,2025,benefit_aud,1455049,1993172,568549,158500,401559,47571,86456,1526,4712382
Various +,V,2026_ytd,benefit_aud,292163,394240,104831,29567,99006,8529,15220,457,944012
Various +,V,TOTAL,benefit_aud,60171754,50255509,22034298,9393786,9041694,2289006,2154829,150856,155491731
Various +,V,1994,benefit_aud,682509577,436885418,300100105,147075267,136708899,47929091,20177832,5521035,1776907225
Various +,V,1995,benefit_aud,777483080,509931324,350171999,173199922,163699635,56798918,23489950,6831072,2061605900
Various +,V,1996,benefit_aud,862148194,574053879,396780307,195086688,187564772,63102457,27041976,7752043,2313530316
Various +,V,1997,benefit_aud,914715176,604005110,423728154,208081689,201302994,67624656,29437135,8344402,2457239317
Various +,V,1998,benefit_aud,964586559,648623698,459836895,221296857,215546342,71657226,32094152,9766374,2623408103
Various +,V,1999,benefit_aud,1088461621,755956064,526630236,252600667,250262953,82052356,37408646,11006110,3004378654
Various +,V,2000,benefit_aud,1258364545,872862309,603824879,279031735,288254207,94153637,44182365,11559722,3452233399
Various +,V,2001,benefit_aud,1432910533,1021679214,737153789,355777984,351972448,110625914,51533527,14832692,4076486103
Various +,V,2002,benefit_aud,1581615983,1125878369,806868008,377359753,387562048,120103304,57570965,15246776,4472205205
Various +,V,2003,benefit_aud,1671938463,1234331597,889107365,403454321,425595183,129607745,60348037,16541808,4830924519
Various +,V,2004,benefit_aud,1855559230,1364002484,1007330961,454902256,469657542,142399994,67435323,19047774,5380335563
Various +,V,2005,benefit_aud,1888246387,1390568632,1036457410,463542409,473927191,144389682,67585156,20042591,5484759458
Various +,V,2006,benefit_aud,1927415660,1433352655,1064707933,467176801,484282288,147262552,68468040,19897449,5612563379
Various +,V,2007,benefit_aud,2035839009,1515414100,1159950531,503646347,532084912,155539965,72938964,21841778,5997255606
Various +,V,2008,benefit_aud,2199879370,1605970061,1247700726,517776735,582571883,171913415,76745733,23115630,6425673554
Various +,V,2009,benefit_aud,2469452347,1829526900,1390522380,629192348,620351828,192231118,86923330,26146903,7244347152
Various +,V,2010,benefit_aud,2582785939,1932242361,1491372552,637134032,686684238,203819084,89974461,27656802,7651669470
Various +,V,2011,benefit_aud,2626633668,1966861113,1526520838,642795254,741211475,210261139,92501504,28583901,7835368893
Various +,V,2012,benefit_aud,2899118089,2242025187,1663370100,688758635,861270856,225675477,99490103,30117215,8709825662
Various +,V,2013,benefit_aud,2576740773,1882123633,1707102604,709975137,681685174,232637953,88804811,30529261,7909599346
Various +,V,2014,benefit_aud,3311307055,2467474577,1726028956,680863310,946960330,242022256,120403660,41078327,9536138471
Various +,V,2015,benefit_aud,3440148085,2509693390,1896686506,781665376,922567203,274533938,138904000,43318989,10007517485
Various +,V,2016,benefit_aud,3955880875,3038068744,2393176279,891974070,1074025802,307240700,209063032,74244227,11943673730
Various +,V,2017,benefit_aud,3835274046,2855878824,2267180985,854197909,1099017736,310388657,182260322,62754023,11466952501
Various +,V,2018,benefit_aud,3731946936,2813545476,2261617493,860210127,1098677261,300322270,177063095,57913551,11301296210
Various +,V,2019,benefit_aud,3959739407,2911340752,2398776240,916264554,1165718058,313167138,192934691,59271874,11917212714
Various +,V,2020,benefit_aud,4264554849,3211503358,2641481585,1016699288,1286996344,351105641,207709767,65580587,13045631420
Various +,V,2021,benefit_aud,4375794614,3425760124,2773827021,1073579533,1387827025,370415886,229672140,66954848,13703831191
Various +,V,2022,benefit_aud,4983212329,3810810917,3211276314,1192268060,1569003679,418215129,266007760,73767453,15524561641
Various +,V,2023,benefit_aud,5376980898,4095939970,3477315344,1300079310,1689080616,445096416,268744740,76261944,16729499238
Various +,V,2024,benefit_aud,6010778232,4662144480,3673135676,1383262959,1828877012,468035674,284557536,84072437,18394864006
Various +,V,2025,benefit_aud,6667274123,5342510294,4217406546,1555391483,2072721317,522833207,350615591,107598811,20836351371
Various +,V,2026_ytd,benefit_aud,1492366188,1160301832,957051351,336194803,485293495,114504357,81178566,22321616,4649212207
Various +,V,TOTAL,benefit_aud,90318272181,67634545778,52950865161,21300691735,25490733129,7150086308,3920943992,1194287805,269960426090
